/content/videos/D04_20210520064103.mp4,27532,30581,31051,31130,31234,31285,31801,31951,32151,32254,32401,32451,32503,,,,,,,,,,,,,,
/content/videos/D04_20210524130923.mp4,54084,,,,,,,,,,,,,,,,,,,,,,,,,,
/content/videos/D06_20210523121935.mp4,31051,,,,,,,,,,,,,,,,,,,,,,,,,,
/content/videos/D06_20210523144653.mp4,1201,1751,2101,3201,14851,40801,,,,,,,,,,,,,,,,,,,,,
/content/videos/D06_20210524125019.mp4,47751,,,,,,,,,,,,,,,,,,,,,,,,,,
/content/videos/D07_20210523142407.mp4,57354,58159,66051,66151,66253,66351,66501,66553,66651,66701,67351,67551,67651,67751,68001,68151,68201,69101,,,,,,,,,
/content/videos/D07_20210524050410.mp4,52707,,,,,,,,,,,,,,,,,,,,,,,,,,
/content/videos/D02_20210519144522.mp4,3300,4351,,,,,,,,,,,,,,,,,,,,,,,,,
/content/videos/D02_20210520043545.mp4,2001,2664,2851,4454,4701,6551,6801,6947,7097,13692,13842,13901,22436,22501,22656,22747,22851,23701,24456,25001,25288,26033,26133,,,,
/content/videos/D01_20210519195401.mp4,37924,39328,39526,39674,39751,39826,40053,40953,41053,41203,41253,41376,41426,41601,41925,42001,42076,42153,42253,42372,42426,42527,42627,42694,42796,64456,64906
/content/videos/D01_20210519230415.mp4,2201,2258,7347,7405,7953,8496,8551,9051,10051,10901,12086,12843,12901,12993,,,,,,,,,,,,,
/content/videos/D01_20210520012728.mp4,40622,,,,,,,,,,,,,,,,,,,,,,,,,,