,0,1,2,3,4
0,56,1,0,0.8025842308998108,[0.0]
1,201,1,0,0.7982161045074463,[0.0]
2,401,1,0,0.8138996958732605,[0.0]
3,451,1,0,0.7938918471336365,[0.0]
4,551,1,0,0.7812672853469849,[0.0]
5,651,1,0,0.7932050824165344,[0.0]
6,751,1,0,0.7871729731559753,[0.0]
7,801,1,0,0.7925195097923279,[0.0]
8,901,1,0,0.7991254329681396,[0.0]
9,951,1,0,0.7739948034286499,[0.0]
10,1001,1,0,0.805289089679718,[0.0]
11,1201,1,0,0.8185318112373352,[0.0]
12,1251,1,0,0.8209236264228821,[0.0]
13,1301,1,0,0.8083294034004211,[0.0]
14,1351,1,0,0.821845531463623,[0.0]
15,1401,1,0,0.7991805076599121,[0.0]
16,1501,1,0,0.8034326434135437,[0.0]
17,1601,1,0,0.8037708401679993,[0.0]
18,1651,1,0,0.7928111553192139,[0.0]
19,1751,1,0,0.7928199768066406,[0.0]
20,1851,1,0,0.8130113482475281,[0.0]
21,1901,1,0,0.811810314655304,[0.0]
22,2051,1,0,0.7886345386505127,[0.0]
23,2151,1,0,0.7772929668426514,[0.0]
24,2201,1,0,0.8067061901092529,[0.0]
25,2251,1,0,0.8145291209220886,[0.0]
26,2351,1,0,0.8049395084381104,[0.0]
27,2451,1,0,0.8100939393043518,[0.0]
28,2501,1,0,0.8049342036247253,[0.0]
29,2601,1,0,0.8068798780441284,[0.0]
30,2651,1,0,0.8447872996330261,[0.0]
31,2851,1,0,0.8669729828834534,[0.0]
32,3050,1,0,0.8663376569747925,[0.0]
33,3151,1,0,0.8691281676292419,[0.0]
34,3251,1,0,0.8536946773529053,[0.0]
35,3305,1,0,0.8671984076499939,[0.0]
36,3401,1,0,0.8469833731651306,[0.0]
37,3501,1,0,0.8706834316253662,[0.0]
38,3551,1,0,0.8697460293769836,[0.0]
39,3651,1,0,0.8730510473251343,[0.0]
40,3705,1,0,0.872312068939209,[0.0]
41,3801,1,0,0.856898844242096,[0.0]
42,3901,1,0,0.862144410610199,[0.0]
43,4001,1,0,0.8691321611404419,[0.0]
44,4105,1,0,0.863929271697998,[0.0]
45,4253,1,0,0.8572481870651245,[0.0]
46,4303,1,0,0.8458597660064697,[0.0]
47,4401,1,0,0.8566023111343384,[0.0]
48,4501,1,0,0.8678654432296753,[0.0]
49,4651,1,0,0.8736875653266907,[0.0]
50,4751,1,0,0.871578574180603,[0.0]
51,4853,1,0,0.869876503944397,[0.0]
52,4903,1,0,0.8776787519454956,[0.0]
53,5054,1,0,0.8500688672065735,[0.0]
54,5154,1,0,0.8466552495956421,[0.0]
55,5251,1,0,0.8675521612167358,[0.0]
56,5304,1,0,0.8593102097511292,[0.0]
57,5354,1,0,0.8658514618873596,[0.0]
58,5501,1,0,0.8733199834823608,[0.0]
59,5601,1,0,0.8656890988349915,[0.0]
60,5653,1,0,0.8626936674118042,[0.0]
61,5751,1,0,0.862770140171051,[0.0]
62,5851,1,0,0.8570013046264648,[0.0]
63,5998,1,0,0.8023439049720764,[0.0]
64,6148,1,0,0.8527789115905762,[0.0]
65,6318,1,0,0.824953556060791,[0.0]
66,6426,0,-1,-1.0,[]
67,6531,2,1,0.8677142262458801,"[1.0, 1.0]"
68,6634,3,0,0.43814200162887573,"[0.0, 1.0, 1.0]"
69,6701,1,1,0.7442548274993896,[1.0]
70,6780,3,1,0.7721719145774841,"[1.0, 1.0, 1.0]"
71,6832,2,1,0.848697304725647,"[1.0, 1.0]"
72,6909,2,1,0.6955447793006897,"[1.0, 1.0]"
73,7013,1,1,0.845344066619873,[1.0]
74,7193,2,1,0.769374668598175,"[1.0, 1.0]"
75,7247,1,1,0.8507839441299438,[1.0]
76,7347,1,1,0.8490964770317078,[1.0]
77,7451,1,1,0.8707426190376282,[1.0]
78,7601,1,1,0.8890200853347778,[1.0]
79,7746,1,1,0.876518964767456,[1.0]
80,7796,1,1,0.8776718974113464,[1.0]
81,7846,1,1,0.8811744451522827,[1.0]
82,7951,1,1,0.8955305218696594,[1.0]
83,8053,1,1,0.8629492521286011,[1.0]
84,8245,1,1,0.8934001922607422,[1.0]
85,8459,1,1,0.9143812656402588,[1.0]
86,8596,1,1,0.9083911180496216,[1.0]
87,8662,1,1,0.9190154671669006,[1.0]
88,8721,1,1,0.9113132953643799,[1.0]
89,8808,1,1,0.9040439128875732,[1.0]
90,8877,1,1,0.8894081711769104,[1.0]
91,9001,1,1,0.9132062792778015,[1.0]
92,9111,1,1,0.9135629534721375,[1.0]
93,9244,1,1,0.913438081741333,[1.0]
94,9344,1,1,0.909803569316864,[1.0]
95,9494,1,1,0.8959901928901672,[1.0]
96,9594,1,1,0.9228273630142212,[1.0]
97,9678,1,1,0.9133897423744202,[1.0]
98,9795,1,1,0.9158309698104858,[1.0]
99,9956,1,1,0.9135885238647461,[1.0]
100,10094,1,1,0.9089012742042542,[1.0]
101,10151,1,1,0.9114241003990173,[1.0]
102,10294,1,1,0.9182897210121155,[1.0]
103,10401,1,1,0.9032239317893982,[1.0]
104,10494,1,1,0.9197335243225098,[1.0]
105,10601,1,1,0.9133291840553284,[1.0]
106,10780,1,1,0.8911009430885315,[1.0]
107,10951,1,1,0.9077240824699402,[1.0]
108,11044,1,1,0.9126660227775574,[1.0]
109,11094,1,1,0.9180009365081787,[1.0]
110,11194,1,1,0.9109013676643372,[1.0]
111,11304,1,1,0.9140193462371826,[1.0]
112,11444,1,1,0.9196742177009583,[1.0]
113,11551,1,1,0.9148417115211487,[1.0]
114,11644,1,1,0.8879815340042114,[1.0]
115,11701,1,1,0.9126877188682556,[1.0]
116,11794,1,1,0.9147360324859619,[1.0]
117,11994,1,1,0.9113557934761047,[1.0]
118,12119,1,1,0.9181753396987915,[1.0]
119,12336,1,1,0.9096420407295227,[1.0]
120,12393,1,1,0.8994671702384949,[1.0]
121,12544,1,1,0.9025042057037354,[1.0]
122,12693,1,1,0.9047707915306091,[1.0]
123,12775,1,1,0.9079949855804443,[1.0]
124,12851,1,1,0.9179089069366455,[1.0]
125,13001,1,1,0.8966086506843567,[1.0]
126,13072,1,1,0.9049368500709534,[1.0]
127,13143,1,1,0.9133394360542297,[1.0]
128,13306,1,1,0.8583998680114746,[1.0]
129,13401,1,1,0.9081957340240479,[1.0]
130,13529,1,1,0.8974000215530396,[1.0]
131,13601,1,1,0.9008991718292236,[1.0]
132,13701,1,1,0.9110572338104248,[1.0]
133,13782,1,1,0.9278780817985535,[1.0]
134,13851,1,1,0.9124897122383118,[1.0]
135,13911,1,1,0.8913557529449463,[1.0]
136,13992,1,1,0.9080105423927307,[1.0]
137,14101,1,1,0.9101739525794983,[1.0]
138,14180,1,1,0.8941226601600647,[1.0]
139,14250,1,1,0.9089494347572327,[1.0]
140,14342,1,1,0.898792564868927,[1.0]
141,14401,1,1,0.8836197853088379,[1.0]
142,14494,1,1,0.9121492505073547,[1.0]
143,14588,1,1,0.9252967238426208,[1.0]
144,14651,1,1,0.9315580129623413,[1.0]
145,14742,1,1,0.9385178089141846,[1.0]
146,14803,1,1,0.9306471943855286,[1.0]
147,14943,1,1,0.9346156120300293,[1.0]
148,14993,1,1,0.9358180165290833,[1.0]
149,15191,1,1,0.9421758651733398,[1.0]
150,15251,1,1,0.9480454921722412,[1.0]
151,15351,1,1,0.9334036707878113,[1.0]
152,15453,1,1,0.9254933595657349,[1.0]
153,15591,1,1,0.8710591793060303,[1.0]
154,15644,1,1,0.8192535042762756,[1.0]
155,15741,1,1,0.8533453941345215,[1.0]
156,15841,1,1,0.8611533045768738,[1.0]
157,15941,1,1,0.8512166142463684,[1.0]
158,15991,1,1,0.865683376789093,[1.0]
159,16041,1,1,0.8561569452285767,[1.0]
160,16191,1,1,0.8552497029304504,[1.0]
161,16241,1,1,0.8582455515861511,[1.0]
162,16335,1,1,0.8740125298500061,[1.0]
163,16393,1,1,0.8523404002189636,[1.0]
164,16490,1,1,0.8685249090194702,[1.0]
165,16551,1,1,0.8638760447502136,[1.0]
166,16642,1,1,0.8575974106788635,[1.0]
167,16745,1,1,0.8570750951766968,[1.0]
168,16840,1,1,0.8623549938201904,[1.0]
169,16946,1,1,0.8359456062316895,[1.0]
170,17033,1,1,0.8336049318313599,[1.0]
171,17151,1,1,0.8580050468444824,[1.0]
172,17201,1,1,0.8582991361618042,[1.0]
173,17290,1,1,0.8379380702972412,[1.0]
174,17347,1,1,0.8411206603050232,[1.0]
175,17442,1,1,0.8563769459724426,[1.0]
176,17542,1,1,0.8530594706535339,[1.0]
177,17593,1,1,0.8616591095924377,[1.0]
178,17751,1,1,0.8543542623519897,[1.0]
179,18000,1,1,0.8634600639343262,[1.0]
180,18081,1,1,0.8476719260215759,[1.0]
181,18168,1,1,0.9043078422546387,[1.0]
182,18239,1,1,0.9067593216896057,[1.0]
183,18339,1,1,0.9067838191986084,[1.0]
184,18539,1,1,0.891745388507843,[1.0]
185,18639,1,1,0.9118825197219849,[1.0]
186,18745,1,1,0.9157537221908569,[1.0]
187,18913,1,1,0.8962136507034302,[1.0]
188,18986,1,1,0.9220383167266846,[1.0]
189,19037,1,1,0.9148833751678467,[1.0]
190,19101,1,1,0.9317014813423157,[1.0]
191,19224,1,1,0.927031934261322,[1.0]
192,19338,1,1,0.9106977581977844,[1.0]
193,19423,1,1,0.9217352271080017,[1.0]
194,19488,1,1,0.6556887626647949,[1.0]
195,19562,2,1,0.4897596836090088,"[1.0, 1.0]"
196,19751,3,1,0.6660149693489075,"[1.0, 1.0, 1.0]"
197,19860,2,1,0.5559242367744446,"[1.0, 1.0]"
198,19938,2,1,0.4249279499053955,"[1.0, 1.0]"
199,20011,2,1,0.3948327302932739,"[1.0, 1.0]"
200,20200,2,1,0.5773924589157104,"[1.0, 1.0]"
201,20261,2,1,0.6349472999572754,"[1.0, 1.0]"
202,20455,2,1,0.4776154160499573,"[1.0, 1.0]"
203,20510,2,1,0.6702703833580017,"[1.0, 1.0]"
204,20609,2,1,0.6722822785377502,"[1.0, 1.0]"
205,20710,2,1,0.687366247177124,"[1.0, 1.0]"
206,20806,2,1,0.6812880039215088,"[1.0, 1.0]"
207,20859,2,1,0.5831000208854675,"[1.0, 1.0]"
208,20909,2,1,0.44369277358055115,"[1.0, 1.0]"
209,21043,2,1,0.4741121232509613,"[1.0, 1.0]"
210,21109,2,1,0.6721216440200806,"[1.0, 1.0]"
211,21258,3,1,0.7208155989646912,"[1.0, 1.0, 1.0]"
212,21406,2,1,0.6070118546485901,"[1.0, 1.0]"
213,21457,2,1,0.6098944544792175,"[1.0, 1.0]"
214,21556,2,1,0.6491461396217346,"[1.0, 1.0]"
215,21709,2,1,0.382343053817749,"[1.0, 1.0]"
216,21806,2,1,0.5860886573791504,"[1.0, 1.0]"
217,21908,1,1,0.6134139895439148,[1.0]
218,21989,2,1,0.605658769607544,"[1.0, 1.0]"
219,22055,2,1,0.5736517906188965,"[1.0, 1.0]"
220,22106,2,1,0.5034661293029785,"[1.0, 1.0]"
221,22156,2,1,0.5974975228309631,"[1.0, 1.0]"
222,22257,2,1,0.5095533728599548,"[1.0, 1.0]"
223,22356,2,1,0.48725196719169617,"[1.0, 1.0]"
224,22410,1,1,0.35639798641204834,[1.0]
225,22507,2,1,0.4994068741798401,"[1.0, 1.0]"
226,22610,2,1,0.5531419515609741,"[1.0, 1.0]"
227,22905,1,1,0.6410987377166748,[1.0]
228,23006,1,1,0.4516693949699402,[1.0]
229,23056,2,1,0.43699920177459717,"[1.0, 1.0]"
230,23111,2,1,0.44205695390701294,"[1.0, 1.0]"
231,23255,2,1,0.4452894330024719,"[1.0, 1.0]"
232,23458,2,1,0.5203235745429993,"[1.0, 1.0]"
233,23605,2,1,0.4528222382068634,"[1.0, 1.0]"
234,23756,2,1,0.3965868353843689,"[1.0, 1.0]"
235,23956,2,1,0.37319299578666687,"[1.0, 1.0]"
236,24104,2,1,0.5730146765708923,"[1.0, 1.0]"
237,24205,1,1,0.6253963708877563,[1.0]
238,24306,1,1,0.6697617769241333,[1.0]
239,24407,2,1,0.4633696973323822,"[1.0, 1.0]"
240,24551,2,1,0.7733750343322754,"[1.0, 1.0]"
241,24606,2,1,0.6094794869422913,"[1.0, 1.0]"
242,24754,2,1,0.5310776233673096,"[1.0, 1.0]"
243,24809,2,1,0.38179636001586914,"[1.0, 1.0]"
244,24945,2,1,0.5155820846557617,"[1.0, 1.0]"
245,25001,2,1,0.6042982339859009,"[1.0, 1.0]"
246,25106,1,1,0.42064040899276733,[1.0]
247,25158,1,1,0.5453391671180725,[1.0]
248,25376,2,1,0.7364717721939087,"[1.0, 1.0]"
249,25457,3,1,0.6623373031616211,"[1.0, 1.0, 1.0]"
250,25509,2,1,0.6165887117385864,"[1.0, 1.0]"
251,25645,2,1,0.5538503527641296,"[1.0, 1.0]"
252,25753,2,1,0.6096575856208801,"[1.0, 1.0]"
253,25803,2,1,0.5740371942520142,"[1.0, 1.0]"
254,25912,2,1,0.6388403177261353,"[1.0, 1.0]"
255,26054,2,1,0.5808691382408142,"[1.0, 1.0]"
256,26106,2,1,0.6120096445083618,"[1.0, 1.0]"
257,26333,1,0,0.6429774761199951,[0.0]
258,26433,2,1,0.6695623993873596,"[1.0, 1.0]"
259,26526,2,1,0.5575981736183167,"[1.0, 1.0]"
260,26637,2,1,0.6057548522949219,"[1.0, 1.0]"
261,26704,2,1,0.5990999937057495,"[1.0, 1.0]"
262,26805,2,1,0.5569795370101929,"[1.0, 1.0]"
263,26888,1,1,0.6036874055862427,[1.0]
264,27001,2,1,0.7045254707336426,"[1.0, 1.0]"
265,27054,2,1,0.6516942977905273,"[1.0, 1.0]"
266,27155,1,1,0.6505141854286194,[1.0]
267,27205,2,1,0.6340711712837219,"[1.0, 1.0]"
268,27287,2,1,0.5554901361465454,"[1.0, 1.0]"
269,27387,1,1,0.6625308394432068,[1.0]
270,27553,2,1,0.7590423226356506,"[1.0, 1.0]"
271,27688,2,1,0.5481551289558411,"[1.0, 1.0]"
272,27754,2,1,0.5119607448577881,"[1.0, 1.0]"
273,27856,3,1,0.6880923509597778,"[1.0, 1.0, 1.0]"
274,27953,2,1,0.41840705275535583,"[1.0, 1.0]"
275,28032,2,1,0.5829493999481201,"[1.0, 1.0]"
276,28082,2,1,0.5570419430732727,"[1.0, 1.0]"
277,28151,2,1,0.5232195854187012,"[1.0, 1.0]"
278,28357,1,1,0.7787967920303345,[1.0]
279,28553,2,1,0.5107418894767761,"[1.0, 1.0]"
280,28751,2,1,0.6567171216011047,"[1.0, 1.0]"
281,28851,2,1,0.589189350605011,"[1.0, 1.0]"
282,28986,3,1,0.5140314102172852,"[1.0, 1.0, 1.0]"
283,29105,2,1,0.6699183583259583,"[1.0, 1.0]"
284,29286,1,1,0.3472537696361542,[1.0]
285,29382,3,1,0.6516079306602478,"[1.0, 1.0, 1.0]"
286,29481,2,1,0.5967615842819214,"[1.0, 1.0]"
287,29603,2,1,0.5527673959732056,"[1.0, 1.0]"
288,29701,2,1,0.3527446985244751,"[1.0, 1.0]"
289,29836,2,1,0.6542274355888367,"[1.0, 1.0]"
290,29905,2,1,0.6395407915115356,"[1.0, 1.0]"
291,30003,3,1,0.5137721300125122,"[1.0, 1.0, 1.0]"
292,30053,2,1,0.4913383722305298,"[1.0, 1.0]"
293,30201,0,-1,-1.0,[]
294,30335,0,-1,-1.0,[]
295,30431,3,1,0.32285529375076294,"[1.0, 0.0, 1.0]"
296,30503,0,-1,-1.0,[]
297,30601,2,1,0.6631492972373962,"[1.0, 1.0]"
298,30653,3,1,0.6687207221984863,"[1.0, 1.0, 1.0]"
299,30753,2,1,0.5609862208366394,"[1.0, 1.0]"
300,30831,2,0,0.3760831952095032,"[0.0, 1.0]"
301,30904,3,1,0.6417437791824341,"[1.0, 1.0, 1.0]"
302,31001,2,1,0.6913315653800964,"[1.0, 1.0]"
303,31080,3,1,0.6510743498802185,"[1.0, 1.0, 1.0]"
304,31251,3,1,0.670532763004303,"[1.0, 1.0, 1.0]"
305,31351,2,1,0.4041830003261566,"[1.0, 1.0]"
306,31501,2,1,0.5556879639625549,"[1.0, 1.0]"
307,31579,2,1,0.6511009931564331,"[1.0, 1.0]"
308,31680,2,1,0.5509244203567505,"[1.0, 1.0]"
309,31733,2,1,0.5616278052330017,"[1.0, 1.0]"
310,31803,2,1,0.5092635750770569,"[1.0, 1.0]"
311,31934,1,1,0.6155074834823608,[1.0]
312,32001,1,1,0.703961193561554,[1.0]
313,32151,1,1,0.6566338539123535,[1.0]
314,32201,1,1,0.6500288248062134,[1.0]
315,32351,1,1,0.3559877574443817,[1.0]
316,32401,1,1,0.3214246928691864,[1.0]
317,32554,1,1,0.6122472882270813,[1.0]
318,32651,1,1,0.5020429491996765,[1.0]
319,32801,2,1,0.761634886264801,"[1.0, 1.0]"
320,32879,1,1,0.3777446150779724,[1.0]
321,32951,3,1,0.7760279178619385,"[1.0, 1.0, 1.0]"
322,33028,2,1,0.6069754362106323,"[1.0, 1.0]"
323,33079,1,1,0.6339529156684875,[1.0]
324,33150,2,1,0.47090286016464233,"[1.0, 1.0]"
325,33309,2,1,0.5576391816139221,"[1.0, 1.0]"
326,33401,2,1,0.3841566741466522,"[1.0, 1.0]"
327,33501,2,1,0.5390292406082153,"[1.0, 1.0]"
328,33551,2,1,0.5957208871841431,"[1.0, 1.0]"
329,33601,2,1,0.6170331835746765,"[1.0, 1.0]"
330,33701,2,1,0.5879063606262207,"[1.0, 1.0]"
331,33801,2,1,0.45203885436058044,"[1.0, 1.0]"
332,33901,4,1,0.6849567890167236,"[1.0, 1.0, 1.0, 1.0]"
333,34001,2,1,0.632631778717041,"[1.0, 1.0]"
334,34101,2,1,0.6571152210235596,"[1.0, 1.0]"
335,34151,2,1,0.6078136563301086,"[1.0, 1.0]"
336,34251,2,1,0.5645129084587097,"[1.0, 1.0]"
337,34401,2,1,0.4375985264778137,"[1.0, 1.0]"
338,34501,2,1,0.44728484749794006,"[1.0, 1.0]"
339,34651,2,1,0.5357739329338074,"[1.0, 1.0]"
340,34751,2,1,0.5260058045387268,"[1.0, 1.0]"
341,34801,2,1,0.5497586727142334,"[1.0, 1.0]"
342,34851,2,1,0.5153703093528748,"[1.0, 1.0]"
343,34901,2,1,0.48606640100479126,"[1.0, 1.0]"
344,35051,2,1,0.4150208532810211,"[1.0, 1.0]"
345,35101,2,1,0.445008784532547,"[1.0, 1.0]"
346,35151,2,1,0.5501878261566162,"[1.0, 1.0]"
347,35301,2,1,0.519527018070221,"[1.0, 1.0]"
348,35451,2,1,0.42667433619499207,"[1.0, 1.0]"
349,35551,2,1,0.4956991672515869,"[1.0, 1.0]"
350,35601,2,1,0.5300183892250061,"[1.0, 1.0]"
351,35701,2,1,0.5406975150108337,"[1.0, 1.0]"
352,35881,2,1,0.7370325326919556,"[1.0, 1.0]"
353,35952,2,1,0.4328972399234772,"[1.0, 1.0]"
354,36051,2,1,0.4094209671020508,"[1.0, 0.0]"
355,36301,1,1,0.5420472621917725,[1.0]
356,36351,1,1,0.4848451316356659,[1.0]
357,36451,1,1,0.4087193012237549,[1.0]
358,36551,1,1,0.45104268193244934,[1.0]
359,36651,1,1,0.3295413553714752,[1.0]
360,36701,1,1,0.30380064249038696,[1.0]
361,36801,1,0,0.35244083404541016,[0.0]
362,36951,2,1,0.29453521966934204,"[1.0, 0.0]"
363,37101,1,0,0.27351927757263184,[0.0]
364,37201,1,1,0.3868744373321533,[1.0]
365,37301,1,1,0.25786951184272766,[1.0]
366,37401,1,1,0.3318262994289398,[1.0]
367,37651,1,1,0.2960001528263092,[1.0]
368,37751,1,1,0.2934633493423462,[1.0]
369,37901,1,1,0.46185949444770813,[1.0]
370,38001,1,1,0.36202558875083923,[1.0]
371,38053,1,1,0.26105406880378723,[1.0]
372,38151,0,-1,-1.0,[]
373,38201,1,1,0.36981603503227234,[1.0]
374,38303,1,1,0.38712212443351746,[1.0]
375,38354,0,-1,-1.0,[]
376,38453,1,1,0.25629666447639465,[1.0]
377,38601,1,1,0.3479110598564148,[1.0]
378,38703,0,-1,-1.0,[]
379,38904,1,1,0.2855320870876312,[1.0]
380,39005,1,1,0.31941285729408264,[1.0]
381,39101,1,1,0.3721279203891754,[1.0]
382,39154,1,1,0.28138336539268494,[1.0]
383,39205,1,1,0.31686410307884216,[1.0]
384,39305,1,1,0.3709949553012848,[1.0]
385,39453,1,1,0.33207184076309204,[1.0]
386,39553,1,1,0.3482725918292999,[1.0]
387,39653,1,1,0.2610870897769928,[1.0]
388,39803,1,1,0.27017587423324585,[1.0]
389,39903,1,1,0.3111779987812042,[1.0]
390,40003,2,1,0.26772916316986084,"[1.0, 1.0]"
391,40101,0,-1,-1.0,[]
392,40153,0,-1,-1.0,[]
393,40251,1,1,0.3074233829975128,[1.0]
394,40351,1,1,0.2611684203147888,[1.0]
395,40403,0,-1,-1.0,[]
396,40453,0,-1,-1.0,[]
397,40553,0,-1,-1.0,[]
398,40603,0,-1,-1.0,[]
399,40703,1,1,0.2589031159877777,[1.0]
400,40851,2,1,0.3041767477989197,"[1.0, 1.0]"
401,40951,0,-1,-1.0,[]
402,41151,0,-1,-1.0,[]
403,41301,1,1,0.2754000127315521,[1.0]
404,41451,0,-1,-1.0,[]
405,41501,1,1,0.2916409969329834,[1.0]
406,41601,2,1,0.31885290145874023,"[1.0, 1.0]"
407,41701,1,1,0.3371070325374603,[1.0]
408,41751,1,1,0.2780976891517639,[1.0]
409,41851,0,-1,-1.0,[]
410,41951,0,-1,-1.0,[]
411,42051,1,1,0.25434744358062744,[1.0]
412,42201,1,1,0.28056925535202026,[1.0]
413,42251,0,-1,-1.0,[]
414,42351,0,-1,-1.0,[]
415,42451,1,1,0.339432954788208,[1.0]
416,42501,0,-1,-1.0,[]
417,42601,0,-1,-1.0,[]
418,42701,0,-1,-1.0,[]
419,42772,0,-1,-1.0,[]
420,42851,1,1,0.3079320788383484,[1.0]
421,43001,1,1,0.4983504116535187,[1.0]
422,43051,1,1,0.5890770554542542,[1.0]
423,43151,1,1,0.5328582525253296,[1.0]
424,43201,1,1,0.4134770631790161,[1.0]
425,43251,1,1,0.429679811000824,[1.0]
426,43401,1,1,0.4089947044849396,[1.0]
427,43451,2,1,0.31174054741859436,"[1.0, 1.0]"
428,43551,1,1,0.3543255925178528,[1.0]
429,43651,1,1,0.4568704664707184,[1.0]
430,43851,1,1,0.7159745693206787,[1.0]
431,43951,1,1,0.6859213709831238,[1.0]
432,44051,1,1,0.6871378421783447,[1.0]
433,44201,2,1,0.6883537173271179,"[1.0, 1.0]"
434,44251,1,1,0.6805729269981384,[1.0]
435,44351,2,1,0.6427203416824341,"[1.0, 1.0]"
436,44401,1,1,0.633117139339447,[1.0]
437,44601,1,1,0.6381153464317322,[1.0]
438,44701,1,1,0.6181913018226624,[1.0]
439,44751,2,1,0.4405096769332886,"[1.0, 1.0]"
440,44851,2,1,0.47441500425338745,"[1.0, 1.0]"
441,44901,2,1,0.6021226644515991,"[1.0, 1.0]"
442,45051,2,1,0.38756996393203735,"[1.0, 1.0]"
443,45101,2,1,0.4082663953304291,"[1.0, 1.0]"
444,45301,2,1,0.3832484483718872,"[1.0, 1.0]"
445,45401,2,1,0.43671104311943054,"[1.0, 1.0]"
446,45501,1,1,0.4722982347011566,[1.0]
447,45601,2,1,0.34212908148765564,"[1.0, 1.0]"
448,45701,2,1,0.37628716230392456,"[1.0, 1.0]"
449,45801,2,1,0.3476927578449249,"[1.0, 1.0]"
450,45851,2,1,0.41414424777030945,"[1.0, 1.0]"
451,45901,2,1,0.32179751992225647,"[1.0, 1.0]"
452,45951,2,1,0.4766414761543274,"[1.0, 1.0]"
453,46051,2,1,0.41329365968704224,"[1.0, 1.0]"
454,46101,2,1,0.4653436243534088,"[1.0, 1.0]"
455,46151,2,1,0.3637441396713257,"[1.0, 1.0]"
456,46201,2,1,0.3020266890525818,"[1.0, 1.0]"
457,46301,2,1,0.4363320767879486,"[1.0, 1.0]"
458,46401,2,1,0.46562671661376953,"[1.0, 1.0]"
459,46451,1,1,0.4010465145111084,[1.0]
460,46601,2,1,0.4871934652328491,"[1.0, 1.0]"
461,46651,2,1,0.5124427676200867,"[1.0, 1.0]"
462,46801,2,1,0.4556885361671448,"[1.0, 1.0]"
463,46901,2,1,0.34208056330680847,"[1.0, 1.0]"
464,47001,2,1,0.4737111032009125,"[1.0, 1.0]"
465,47101,2,1,0.4453869163990021,"[1.0, 1.0]"
466,47201,2,1,0.4442301094532013,"[1.0, 1.0]"
467,47401,2,1,0.5180533528327942,"[1.0, 1.0]"
468,47551,2,1,0.5322783589363098,"[1.0, 1.0]"
469,47651,2,1,0.37558427453041077,"[1.0, 1.0]"
470,47801,2,1,0.44999346137046814,"[1.0, 1.0]"
471,47901,2,1,0.5080112218856812,"[1.0, 1.0]"
472,48068,1,1,0.342229962348938,[1.0]
473,48129,2,1,0.4368487000465393,"[1.0, 1.0]"
474,48201,2,1,0.5264859199523926,"[1.0, 1.0]"
475,48401,2,1,0.47426822781562805,"[1.0, 1.0]"
476,48501,2,1,0.461335688829422,"[1.0, 1.0]"
477,48551,1,1,0.36987850069999695,[1.0]
478,48601,2,1,0.4467160403728485,"[1.0, 1.0]"
479,48751,2,1,0.5713025331497192,"[1.0, 1.0]"
480,48851,2,1,0.5467288494110107,"[1.0, 1.0]"
481,49001,2,1,0.5629696249961853,"[1.0, 1.0]"
482,49151,1,1,0.48679402470588684,[1.0]
483,49306,1,1,0.3788573443889618,[1.0]
484,49367,0,-1,-1.0,[]
485,49417,0,-1,-1.0,[]
486,49501,0,-1,-1.0,[]
487,49551,1,1,0.3802681863307953,[1.0]
488,49701,2,1,0.2889691889286041,"[1.0, 1.0]"
489,49751,1,1,0.4083821475505829,[1.0]
490,49901,1,1,0.4953911006450653,[1.0]
491,50101,1,1,0.3575076758861542,[1.0]
492,50151,2,1,0.2950785160064697,"[1.0, 1.0]"
493,50251,1,1,0.32615768909454346,[1.0]
494,50451,1,1,0.3519633412361145,[1.0]
495,50551,1,1,0.3143346905708313,[1.0]
496,50701,2,1,0.3204285800457001,"[1.0, 1.0]"
497,50751,0,-1,-1.0,[]
498,50951,1,1,0.41025084257125854,[1.0]
499,51001,1,1,0.6119275689125061,[1.0]
500,51151,1,1,0.47043728828430176,[1.0]
501,51201,1,1,0.44667062163352966,[1.0]
502,51351,1,1,0.43323883414268494,[1.0]
503,51401,1,1,0.4502183198928833,[1.0]
504,51601,1,1,0.5276413559913635,[1.0]
505,51701,1,1,0.5083984732627869,[1.0]
506,51901,1,1,0.4983746409416199,[1.0]
507,52101,1,1,0.5446944236755371,[1.0]
508,52151,1,1,0.5044985413551331,[1.0]
509,52251,1,1,0.5724800229072571,[1.0]
510,52351,1,1,0.54713374376297,[1.0]
511,52601,1,1,0.4684406816959381,[1.0]
512,52701,1,1,0.5291140079498291,[1.0]
513,52901,1,1,0.6304264068603516,[1.0]
514,53001,1,1,0.5491396188735962,[1.0]
515,53101,2,1,0.5342873334884644,"[1.0, 1.0]"
516,53301,1,1,0.5565981864929199,[1.0]
517,53401,2,1,0.4461715519428253,"[1.0, 1.0]"
518,53501,1,1,0.45650070905685425,[1.0]
519,53601,1,1,0.3199892044067383,[1.0]
520,53701,1,1,0.3952832818031311,[1.0]
521,53851,1,1,0.45880335569381714,[1.0]
522,54001,2,1,0.38680437207221985,"[1.0, 1.0]"
523,54151,2,1,0.436168372631073,"[1.0, 1.0]"
524,54204,1,1,0.361890584230423,[1.0]
525,54312,1,1,0.320138156414032,[1.0]
526,54405,1,1,0.3889433741569519,[1.0]
527,54551,1,1,0.44528740644454956,[1.0]
528,54605,1,1,0.46095356345176697,[1.0]
529,54706,2,1,0.31821346282958984,"[1.0, 1.0]"
530,54856,1,1,0.44132596254348755,[1.0]
531,54955,1,1,0.45264866948127747,[1.0]
532,55057,2,1,0.4251754581928253,"[1.0, 1.0]"
533,55151,2,1,0.4727392792701721,"[1.0, 1.0]"
534,55251,1,1,0.46766331791877747,[1.0]
535,55354,2,1,0.4534642994403839,"[1.0, 1.0]"
536,55405,1,1,0.4305095672607422,[1.0]
537,55455,1,1,0.47899091243743896,[1.0]
538,55553,2,1,0.5109362602233887,"[1.0, 1.0]"
539,55603,2,1,0.5152100920677185,"[1.0, 1.0]"
540,55653,2,1,0.5328762531280518,"[1.0, 1.0]"
541,55753,1,1,0.44196951389312744,[1.0]
542,55853,1,1,0.5471250414848328,[1.0]
543,56003,1,1,0.5904701948165894,[1.0]
544,56053,1,1,0.45809078216552734,[1.0]
545,56253,1,1,0.3985900282859802,[1.0]
546,56403,1,1,0.477781742811203,[1.0]
547,56453,1,1,0.555100679397583,[1.0]
548,56503,1,1,0.4938617944717407,[1.0]
549,56553,1,1,0.47869306802749634,[1.0]
550,56753,2,1,0.46083778142929077,"[1.0, 1.0]"
551,56804,1,1,0.5921122431755066,[1.0]
552,56903,2,1,0.5465904474258423,"[1.0, 1.0]"
553,56953,1,1,0.5362066626548767,[1.0]
554,57103,2,1,0.5335271954536438,"[1.0, 1.0]"
555,57253,2,1,0.49958115816116333,"[1.0, 1.0]"
556,57403,2,1,0.49750322103500366,"[1.0, 1.0]"
557,57453,1,1,0.2552807927131653,[1.0]
558,57601,1,1,0.36324986815452576,[1.0]
559,57653,2,1,0.441222220659256,"[1.0, 1.0]"
560,57801,1,1,0.49155694246292114,[1.0]
561,57901,1,1,0.5078352689743042,[1.0]
562,58003,1,1,0.48224392533302307,[1.0]
563,58101,1,1,0.520626425743103,[1.0]
564,58153,2,1,0.4314076900482178,"[1.0, 1.0]"
565,58251,1,1,0.4708704650402069,[1.0]
566,58401,1,1,0.5331617593765259,[1.0]
567,58551,2,1,0.3120828866958618,"[1.0, 1.0]"
568,58651,1,1,0.3773777484893799,[1.0]
569,58751,2,1,0.4231623411178589,"[1.0, 1.0]"
570,58851,2,1,0.4875715374946594,"[1.0, 1.0]"
571,58951,2,1,0.3875361680984497,"[1.0, 1.0]"
572,59101,2,1,0.3155326545238495,"[1.0, 1.0]"
573,59151,2,1,0.3968450725078583,"[1.0, 1.0]"
574,59351,1,1,0.43151265382766724,[1.0]
575,59451,2,1,0.43399232625961304,"[1.0, 1.0]"
576,59551,2,1,0.3404468297958374,"[1.0, 1.0]"
577,59801,1,1,0.3285444378852844,[1.0]
578,60001,2,1,0.40575700998306274,"[1.0, 1.0]"
579,60101,2,1,0.4196643531322479,"[1.0, 1.0]"
580,60201,1,1,0.3674762547016144,[1.0]
581,60251,1,1,0.6374943256378174,[1.0]
582,60401,1,1,0.512101948261261,[1.0]
583,60451,1,1,0.4944823384284973,[1.0]
584,60651,1,1,0.419630229473114,[1.0]
585,60801,1,1,0.29331114888191223,[1.0]
586,60901,1,1,0.44945305585861206,[1.0]
587,61151,1,1,0.3329235315322876,[1.0]
588,61401,2,1,0.3553101420402527,"[1.0, 1.0]"
589,61501,1,1,0.3331701159477234,[1.0]
590,61651,1,1,0.4383811354637146,[1.0]
591,61751,2,1,0.4089987277984619,"[1.0, 1.0]"
592,61801,1,1,0.30354663729667664,[1.0]
593,61901,2,1,0.31226927042007446,"[1.0, 1.0]"
594,62051,1,1,0.46781542897224426,[1.0]
595,62201,2,1,0.4651724398136139,"[1.0, 1.0]"
596,62351,1,1,0.39484378695487976,[1.0]
597,62401,1,1,0.3462987542152405,[1.0]
598,62551,1,1,0.5108395218849182,[1.0]
599,62601,1,1,0.5181398987770081,[1.0]
600,62801,1,1,0.49131083488464355,[1.0]
601,62901,1,1,0.579629123210907,[1.0]
602,62951,1,1,0.49078240990638733,[1.0]
603,63051,1,1,0.6010017991065979,[1.0]
604,63201,1,1,0.5818525552749634,[1.0]
605,63401,1,1,0.489745169878006,[1.0]
606,63501,1,1,0.5368412733078003,[1.0]
607,63651,1,1,0.5409313440322876,[1.0]
608,63701,1,1,0.5917306542396545,[1.0]
609,63751,1,1,0.5211508274078369,[1.0]
610,63851,1,1,0.5733510851860046,[1.0]
611,63951,1,1,0.6502835750579834,[1.0]
612,64201,1,1,0.5640574097633362,[1.0]
613,64251,1,1,0.55848628282547,[1.0]
614,64501,1,1,0.5981561541557312,[1.0]
615,64601,1,1,0.6304321885108948,[1.0]
616,64701,1,1,0.39434123039245605,[1.0]
617,64801,1,1,0.3835352659225464,[1.0]
618,64880,1,1,0.47191137075424194,[1.0]
619,64951,1,1,0.44370537996292114,[1.0]
620,65151,1,1,0.4803122878074646,[1.0]
621,65251,1,1,0.5462564826011658,[1.0]
622,65351,1,1,0.4769778847694397,[1.0]
623,65451,2,1,0.44612178206443787,"[1.0, 1.0]"
624,65501,2,1,0.5058915615081787,"[1.0, 1.0]"
625,65651,2,1,0.41001027822494507,"[1.0, 1.0]"
626,65751,2,1,0.30897507071495056,"[1.0, 1.0]"
627,65851,2,1,0.46679922938346863,"[1.0, 1.0]"
628,65951,2,1,0.47441527247428894,"[1.0, 1.0]"
629,66101,1,1,0.549010694026947,[1.0]
630,66201,2,1,0.37523725628852844,"[1.0, 1.0]"
631,66301,3,1,0.5906890034675598,"[1.0, 1.0, 1.0]"
632,66351,1,1,0.5471110343933105,[1.0]
633,66501,1,1,0.5007444024085999,[1.0]
634,66551,1,1,0.5796704888343811,[1.0]
635,66701,2,1,0.5052757859230042,"[1.0, 1.0]"
636,66801,3,1,0.5851026773452759,"[1.0, 1.0, 1.0]"
637,66853,3,1,0.5202761292457581,"[1.0, 1.0, 1.0]"
638,66953,1,1,0.38650745153427124,[1.0]
639,67058,0,-1,-1.0,[]
640,67151,1,1,0.5287555456161499,[1.0]
641,67201,1,1,0.4610307812690735,[1.0]
642,67301,1,1,0.31860077381134033,[1.0]
643,67353,1,1,0.3162035048007965,[1.0]
644,67451,2,1,0.4280792772769928,"[1.0, 1.0]"
645,67551,1,1,0.49673256278038025,[1.0]
646,67651,1,1,0.49742642045021057,[1.0]
647,67801,1,1,0.29578182101249695,[1.0]
648,67851,1,1,0.5056159496307373,[1.0]
649,67901,1,1,0.3132225573062897,[1.0]
650,68051,1,1,0.5500559210777283,[1.0]
651,68151,1,1,0.5189194679260254,[1.0]
652,68251,1,1,0.4400758445262909,[1.0]
653,68351,1,1,0.3917546570301056,[1.0]
654,68401,1,1,0.36909574270248413,[1.0]
655,68501,1,1,0.45650380849838257,[1.0]
656,68601,1,1,0.551419198513031,[1.0]
657,68651,1,1,0.4486882984638214,[1.0]
658,68751,1,1,0.3430795967578888,[1.0]
659,68901,1,1,0.2788950204849243,[1.0]
660,69051,1,1,0.48070454597473145,[1.0]
661,69151,1,1,0.49217817187309265,[1.0]
662,69251,1,1,0.591575026512146,[1.0]
663,69501,1,1,0.4675764739513397,[1.0]
664,69601,1,1,0.4977426826953888,[1.0]
665,69701,0,-1,-1.0,[]
666,69851,0,-1,-1.0,[]
667,69901,0,-1,-1.0,[]
668,70001,0,-1,-1.0,[]
669,70151,0,-1,-1.0,[]
670,70251,0,-1,-1.0,[]
671,70401,0,-1,-1.0,[]
672,70501,0,-1,-1.0,[]
673,70594,0,-1,-1.0,[]
674,70651,1,0,0.2536531686782837,[0.0]
675,70750,1,0,0.5315219759941101,[0.0]
676,70801,1,0,0.38960322737693787,[0.0]
677,70901,1,0,0.42452293634414673,[0.0]
678,70951,1,0,0.43910861015319824,[0.0]
679,71101,2,1,0.29288673400878906,"[1.0, 0.0]"
680,71201,1,0,0.2549779713153839,[0.0]
681,71251,1,0,0.34680041670799255,[0.0]
682,71351,0,-1,-1.0,[]
683,71451,1,0,0.25806769728660583,[0.0]
684,71551,1,0,0.36973053216934204,[0.0]
685,71601,1,0,0.39269810914993286,[0.0]
686,71751,1,0,0.3594130873680115,[0.0]
687,71801,1,0,0.3257257342338562,[0.0]
688,71901,1,0,0.3613869249820709,[0.0]
689,72051,0,-1,-1.0,[]
690,72201,1,0,0.3909588158130646,[0.0]
691,72351,0,-1,-1.0,[]
692,72401,1,0,0.2939828932285309,[0.0]
693,72451,1,0,0.30177026987075806,[0.0]
694,72551,1,0,0.33537694811820984,[0.0]
695,72701,1,0,0.303075909614563,[0.0]
696,72801,1,0,0.33434000611305237,[0.0]
697,72901,1,0,0.27443134784698486,[0.0]
698,73001,1,0,0.30928903818130493,[0.0]
699,73151,1,0,0.3320651948451996,[0.0]
700,73251,1,0,0.2559148371219635,[0.0]
701,73351,1,0,0.3179986774921417,[0.0]
702,73601,1,1,0.28469574451446533,[1.0]
703,73701,0,-1,-1.0,[]
704,73849,0,-1,-1.0,[]
705,73948,2,1,0.7131982445716858,"[1.0, 1.0]"
