,ind,preds,results,time
0,37,[[    0.16248     0.83752]],1,1.235055685043335
1,151,[[    0.99824   0.0017585]],0,0.2498645782470703
2,203,[[    0.99812    0.001884]],0,0.26206135749816895
3,351,[[    0.99703    0.002969]],0,0.2745370864868164
4,401,[[    0.94748     0.05252]],0,0.27762794494628906
5,456,[[    0.99975  0.00025235]],0,0.2550780773162842
6,555,[[    0.97287    0.027126]],0,0.2787628173828125
7,654,[[    0.89791     0.10209]],0,0.2563776969909668
8,753,[[    0.96794    0.032058]],0,0.26192283630371094
9,901,[[    0.68829     0.31171]],0,0.29480862617492676
10,953,[[    0.87676     0.12324]],0,0.27246618270874023
11,1051,[[    0.97743    0.022566]],0,0.2646036148071289
12,1105,[[    0.99747   0.0025349]],0,0.27092504501342773
13,1259,[[          1   7.697e-08]],0,0.2822563648223877
14,1351,[[          1  8.5485e-08]],0,0.2842130661010742
15,1505,[[    0.99694    0.003061]],0,0.2729620933532715
16,1604,[[    0.99552   0.0044811]],0,0.27062511444091797
17,1801,[[    0.98314    0.016859]],0,0.2694060802459717
18,1903,[[    0.94668    0.053317]],0,0.2805755138397217
19,2101,[[    0.99043   0.0095686]],0,0.28279662132263184
20,2154,[[    0.99852   0.0014827]],0,0.2688164710998535
21,2204,[[    0.99876   0.0012443]],0,0.2695424556732178
22,2401,[[    0.44181     0.55819]],1,0.26388049125671387
23,2451,[[    0.98806    0.011937]],0,0.26523923873901367
24,2501,[[    0.38019     0.61981]],1,0.28704214096069336
25,2654,[[    0.99953  0.00047117]],0,0.25721120834350586
26,2801,[[    0.99869   0.0013115]],0,0.25695037841796875
27,2900,[[    0.99288   0.0071234]],0,0.2519876956939697
28,2950,[[    0.99981    0.000186]],0,0.2850964069366455
29,3101,[[    0.96356    0.036438]],0,0.2942204475402832
30,3151,[[     0.7484      0.2516]],0,0.3013479709625244
31,3301,[[    0.99993  7.1387e-05]],0,0.30152177810668945
32,3355,[[    0.99945  0.00054734]],0,0.301023006439209
33,3475,[[          1  3.6507e-06]],0,0.29642271995544434
34,3615,[[    0.71916     0.28084]],0,0.2916254997253418
35,3750,[[          1  2.7306e-06]],0,0.27494025230407715
36,3846,[[    0.99576   0.0042413]],0,0.2804992198944092
37,3901,[[    0.98905     0.01095]],0,0.3067338466644287
38,3955,[[    0.99999   5.534e-06]],0,0.2503962516784668
39,4074,[[    0.86001     0.13999]],0,0.2437000274658203
40,4201,[[    0.99046   0.0095401]],0,0.2803208827972412
41,4304,[[    0.96163    0.038371]],0,0.25839734077453613
42,4355,[[    0.98451    0.015493]],0,0.27443957328796387
43,4500,[[    0.99833   0.0016717]],0,0.25390124320983887
44,4650,[[    0.99976  0.00023799]],0,0.2842719554901123
45,4704,[[    0.96571    0.034292]],0,0.27642035484313965
46,4801,[[    0.99976  0.00024354]],0,0.28205156326293945
47,4951,[[    0.99761   0.0023851]],0,0.2550497055053711
48,5004,[[    0.99981  0.00018813]],0,0.26099157333374023
49,5105,[[    0.99961  0.00039196]],0,0.2768552303314209
50,5204,[[    0.99651   0.0034863]],0,0.24879217147827148
51,5351,[[          1  3.1118e-06]],0,0.2734224796295166
52,5451,[[    0.99691   0.0030947]],0,0.2798140048980713
53,5504,[[          1  1.4954e-09]],0,0.2713642120361328
54,5651,[[    0.99952  0.00048377]],0,0.2692549228668213
55,5703,[[    0.99888   0.0011201]],0,0.3104407787322998
56,5803,[[    0.99933  0.00067021]],0,0.26448488235473633
57,5854,[[    0.28433     0.71567]],1,0.25873494148254395
58,6004,[[          1  9.0439e-07]],0,0.276444673538208
59,6104,[[    0.99999    1.09e-05]],0,0.2603604793548584
60,6201,[[    0.99999  9.3118e-06]],0,0.2712893486022949
61,6253,[[    0.99787   0.0021282]],0,0.28009843826293945
62,6304,[[    0.99965  0.00035343]],0,0.27241015434265137
63,6403,[[    0.99625   0.0037507]],0,0.2928581237792969
64,6501,[[          1  3.8337e-10]],0,0.2915170192718506
65,6553,[[          1    1.64e-11]],0,0.292492151260376
66,6604,[[          1  4.4233e-07]],0,0.26343441009521484
67,6701,[[          1  2.0063e-17]],0,0.27169370651245117
68,6801,[[          1  2.7279e-15]],0,0.27292919158935547
69,6854,[[          1  2.6977e-17]],0,0.27103662490844727
70,6951,[[          1  2.7895e-16]],0,0.29227399826049805
71,7041,[[          1  2.9814e-18]],0,0.2641150951385498
72,7101,[[          1  1.3701e-15]],0,0.2686769962310791
73,7153,[[          1   2.963e-15]],0,0.27378082275390625
74,7351,[[          1  8.2229e-12]],0,0.2718470096588135
75,7420,[[          1   1.288e-13]],0,0.27549052238464355
76,7603,[[          1  5.0985e-16]],0,0.2874438762664795
77,7698,[[          1   2.211e-10]],0,0.2919020652770996
78,7853,[[          1  1.0437e-13]],0,0.3173825740814209
79,7951,[[          1  6.2552e-13]],0,0.29256629943847656
80,8003,[[          1   2.138e-09]],0,0.2933669090270996
81,8101,[[          1  1.5494e-10]],0,0.2840156555175781
82,8158,[[          1  2.2092e-09]],0,0.29030346870422363
83,8301,[[          1  2.3564e-10]],0,0.29004859924316406
84,8446,[[          1  1.3638e-09]],0,0.38281893730163574
85,8551,[[          1  1.9473e-12]],0,0.2753763198852539
86,8650,[[          1  2.2647e-07]],0,0.2738611698150635
87,8751,[[          1  1.5552e-15]],0,0.2816433906555176
88,8901,[[          1  4.8686e-09]],0,0.24914193153381348
89,8951,[[          1  7.2068e-07]],0,0.2567720413208008
90,9051,[[          1  1.5658e-12]],0,0.26493215560913086
91,9121,[[          1  1.1207e-12]],0,0.25508952140808105
92,9201,[[          1  1.9518e-10]],0,0.2724313735961914
93,9351,[[          1  7.7724e-07]],0,0.2662961483001709
94,9470,[[          1  3.8129e-10]],0,0.2625269889831543
95,9595,[[          1  1.3707e-09]],0,0.2821507453918457
96,9651,[[          1  2.8173e-10]],0,0.2628173828125
97,9720,[[          1   3.369e-11]],0,0.22306346893310547
98,9801,[[          1   1.146e-09]],0,0.2713172435760498
99,9951,[[          1  1.0198e-12]],0,0.25171637535095215
100,10045,[[          1  5.2668e-14]],0,0.2576329708099365
101,10101,[[          1  6.3985e-09]],0,0.32904744148254395
102,10251,[[          1  1.1614e-11]],0,0.2561204433441162
103,10351,[[          1  9.3886e-14]],0,0.30251407623291016
104,10401,[[          1  7.0027e-15]],0,0.2628476619720459
105,10501,[[          1  5.1381e-15]],0,0.27361154556274414
106,10551,[[          1    8.07e-10]],0,0.26363539695739746
107,10651,[[          1  2.5771e-12]],0,0.256500244140625
108,10801,[[          1  1.3277e-16]],0,0.2704427242279053
109,10951,[[          1  7.8026e-15]],0,0.27167224884033203
110,11051,[[          1  6.4739e-08]],0,0.2801399230957031
111,11251,[[          1  2.8319e-12]],0,0.27681922912597656
112,11351,[[          1  1.3079e-09]],0,0.274120569229126
113,11451,[[          1  1.9415e-09]],0,0.2520942687988281
114,11551,[[          1  6.5099e-15]],0,0.269484281539917
115,11601,[[          1  1.7172e-12]],0,0.2658531665802002
116,11651,[[          1  4.8839e-15]],0,0.273296594619751
117,11701,[[          1  4.2433e-14]],0,0.26659131050109863
118,11801,[[          1  9.1999e-16]],0,0.27336740493774414
119,11901,[[          1  7.4676e-14]],0,0.27821803092956543
120,12101,[[          1  5.4742e-13]],0,0.2615470886230469
121,12201,[[          1  3.5008e-11]],0,0.28661227226257324
122,12251,[[          1  3.8245e-11]],0,0.28922438621520996
123,12480,[[          1  1.1361e-06]],0,0.3009908199310303
124,12544,[[          1  2.5627e-13]],0,0.26687002182006836
125,12643,[[          1  5.1707e-13]],0,0.28746461868286133
126,12744,[[          1  4.8221e-18]],0,0.2865884304046631
127,12794,[[          1  8.2478e-11]],0,0.3038136959075928
128,12944,[[          1  3.2528e-13]],0,0.2746131420135498
129,12994,[[          1  1.5343e-10]],0,0.2745683193206787
130,13097,[[          1  1.3597e-09]],0,0.28450942039489746
131,13154,[[          1  1.2854e-14]],0,0.2605767250061035
132,13246,[[          1  5.9001e-09]],0,0.2478194236755371
133,13353,[[          1  2.3419e-12]],0,0.2519373893737793
134,13545,[[          1   1.742e-13]],0,0.2452237606048584
135,13651,[[          1  8.3579e-14]],0,0.24797868728637695
136,13704,[[          1  2.0773e-13]],0,0.2865633964538574
137,13851,[[          1  4.4953e-13]],0,0.27611637115478516
138,13943,[[          1  2.5564e-18]],0,0.2739419937133789
139,13993,[[          1  3.7909e-12]],0,0.272705078125
140,14093,[[          1  4.0796e-20]],0,0.2664957046508789
141,14193,[[          1  9.2956e-15]],0,0.27710509300231934
142,14243,[[          1  1.2015e-21]],0,0.25339651107788086
143,14304,[[          1  1.0665e-17]],0,0.2604043483734131
144,14397,[[          1  1.5461e-18]],0,0.35475635528564453
145,14543,[[          1  9.9821e-19]],0,0.2594411373138428
146,14701,[[          1  6.1425e-17]],0,0.27483487129211426
147,14804,[[          1  3.1164e-08]],0,0.26137256622314453
148,15003,[[          1  8.9421e-11]],0,0.27790212631225586
149,15103,[[          1  4.3594e-11]],0,0.27927541732788086
150,15244,[[          1  2.6778e-12]],0,0.24936580657958984
151,15342,[[          1   1.037e-12]],0,0.27327394485473633
152,15442,[[          1  3.9594e-10]],0,0.2597839832305908
153,15553,[[          1  3.4125e-18]],0,0.2508878707885742
154,15695,[[          1  8.2668e-12]],0,0.25167226791381836
155,15751,[[          1  1.8934e-11]],0,0.2657473087310791
156,15851,[[          1  3.6272e-10]],0,0.2538466453552246
157,15942,[[          1  6.6925e-11]],0,0.2833290100097656
158,16042,[[          1  5.8083e-12]],0,0.26238489151000977
159,16092,[[          1  1.2425e-06]],0,0.27994251251220703
160,16192,[[          1  5.2083e-12]],0,0.27733397483825684
161,16296,[[          1  1.2004e-10]],0,0.2679781913757324
162,16346,[[          1  2.3197e-09]],0,0.2657294273376465
163,16451,[[          1  1.8081e-10]],0,0.2636432647705078
164,16542,[[          1  1.3058e-14]],0,0.25836181640625
165,16612,[[          1  4.9575e-13]],0,0.2473607063293457
166,16694,[[          1   3.199e-13]],0,0.27376651763916016
167,16744,[[          1  1.7899e-07]],0,0.2571101188659668
168,16794,[[          1  7.6597e-07]],0,0.3100886344909668
169,16901,[[          1  3.5589e-08]],0,0.2868771553039551
170,16951,[[          1  1.4352e-08]],0,0.2839336395263672
171,17093,[[          1  2.8881e-11]],0,0.29345035552978516
172,17144,[[          1  1.0929e-09]],0,0.2809269428253174
173,17201,[[          1   5.328e-10]],0,0.27840590476989746
174,17394,[[          1  5.1613e-12]],0,0.26795434951782227
175,17544,[[          1  3.2962e-15]],0,0.29961633682250977
176,17601,[[          1  3.4428e-13]],0,0.32805776596069336
177,17745,[[          1  2.0464e-09]],0,0.2734842300415039
178,17851,[[          1  6.3808e-11]],0,0.26833128929138184
179,17901,[[          1  2.0432e-13]],0,0.27493762969970703
180,18001,[[          1  1.4795e-11]],0,0.26281309127807617
181,18051,[[          1  1.0381e-13]],0,0.25501322746276855
182,18151,[[          1  6.9256e-14]],0,0.3384969234466553
183,18201,[[          1  1.0961e-12]],0,0.24457645416259766
184,18301,[[          1  1.2712e-09]],0,0.2988100051879883
185,18394,[[          1  2.0808e-07]],0,0.3230416774749756
186,18501,[[          1  4.3118e-08]],0,0.4299619197845459
187,18551,[[          1  4.6217e-08]],0,0.24363136291503906
188,18651,[[          1  3.4633e-10]],0,0.2399911880493164
189,18801,[[          1  8.5387e-12]],0,0.2768077850341797
190,18901,[[          1  1.9853e-07]],0,0.26070499420166016
191,19001,[[          1  9.2993e-09]],0,0.26418423652648926
192,19108,[[          1  1.4958e-12]],0,0.2946608066558838
193,19193,[[          1   1.163e-12]],0,0.2453477382659912
194,19259,[[          1  1.7419e-11]],0,0.28645753860473633
195,19311,[[          1   2.925e-12]],0,0.2776672840118408
196,19461,[[          1  6.2928e-15]],0,0.2743997573852539
197,19511,[[          1  2.8462e-12]],0,0.2725236415863037
198,19611,[[          1  2.0589e-13]],0,0.2735004425048828
199,19711,[[          1  1.6024e-11]],0,0.28349804878234863
200,19811,[[          1  6.6525e-09]],0,0.2870311737060547
201,19911,[[          1  3.1664e-17]],0,0.2669341564178467
202,19961,[[          1  6.9909e-12]],0,0.28337764739990234
203,20061,[[          1  6.4293e-11]],0,0.2617321014404297
204,20162,[[    0.99913   0.0008702]],0,0.27162957191467285
205,20261,[[          1  2.6777e-06]],0,0.34764981269836426
206,20311,[[          1  9.8162e-12]],0,0.27158617973327637
207,20411,[[          1  2.8038e-11]],0,0.32958388328552246
208,20511,[[          1   1.175e-09]],0,0.25916528701782227
209,20612,[[          1    2.37e-08]],0,0.27944421768188477
210,20760,[[          1  1.3656e-16]],0,0.28688597679138184
211,21011,[[          1  5.2088e-13]],0,0.2843456268310547
212,21062,[[          1  1.0301e-12]],0,0.2681155204772949
213,21261,[[          1  4.2419e-12]],0,0.31050825119018555
214,21410,[[          1  4.3692e-12]],0,0.2909386157989502
215,21510,[[          1  1.0306e-14]],0,0.28206396102905273
216,21610,[[          1  5.2295e-13]],0,0.2830953598022461
217,21662,[[          1  4.8814e-13]],0,0.3094594478607178
218,21758,[[          1  4.8205e-16]],0,0.27908992767333984
219,21809,[[          1  1.6909e-19]],0,0.293118953704834
220,21911,[[          1  3.1834e-17]],0,0.30631160736083984
221,22010,[[          1  3.0204e-14]],0,0.28960537910461426
222,22061,[[          1  1.7179e-16]],0,0.27881741523742676
223,22160,[[          1  8.5778e-10]],0,0.25272583961486816
224,22210,[[          1  1.2534e-18]],0,0.3447685241699219
225,22260,[[          1  2.9777e-13]],0,0.2869718074798584
226,22358,[[          1  4.9374e-13]],0,0.24600791931152344
227,22458,[[          1  1.6913e-12]],0,0.2631206512451172
228,22560,[[          1  5.3157e-16]],0,0.28572583198547363
229,22810,[[          1  7.5226e-12]],0,0.2900669574737549
230,22860,[[          1  1.4393e-13]],0,0.2744474411010742
231,22911,[[          1    1.35e-14]],0,0.26308584213256836
232,22961,[[          1  6.0628e-11]],0,0.2694206237792969
233,23060,[[          1  8.0144e-11]],0,0.2959470748901367
234,23259,[[          1  3.2568e-12]],0,0.2726571559906006
235,23359,[[          1  2.2225e-08]],0,0.26388025283813477
236,23459,[[          1  6.7668e-10]],0,0.26571202278137207
237,23510,[[          1   2.634e-08]],0,0.2664327621459961
238,23560,[[          1  3.7784e-13]],0,0.2805628776550293
239,23658,[[          1  3.0364e-09]],0,0.27203369140625
240,23807,[[          1  7.0368e-11]],0,0.2815420627593994
241,23910,[[          1  7.5222e-10]],0,0.2857179641723633
242,24007,[[          1  2.5774e-11]],0,0.2728288173675537
243,24130,[[          1  7.2733e-10]],0,0.24648809432983398
244,24309,[[          1  6.4987e-16]],0,0.2487480640411377
245,24407,[[          1  1.2692e-14]],0,0.27095890045166016
246,24509,[[          1  3.9814e-10]],0,0.28186678886413574
247,24658,[[          1  1.3172e-09]],0,0.2555375099182129
248,24708,[[          1  9.4788e-10]],0,0.28934597969055176
249,24759,[[          1  3.0252e-10]],0,0.28438496589660645
250,24937,[[          1  2.8384e-10]],0,0.3051741123199463
251,25007,[[          1  3.2417e-15]],0,0.2735006809234619
252,25107,[[          1  1.1022e-13]],0,0.2566566467285156
253,25158,[[          1  1.7743e-10]],0,0.24595952033996582
254,25209,[[          1  4.3802e-13]],0,0.27979278564453125
255,25259,[[          1  2.7688e-12]],0,0.23775315284729004
256,25359,[[          1  5.5373e-12]],0,0.28409266471862793
257,25509,[[          1  6.8459e-14]],0,0.2874031066894531
258,25610,[[          1  4.1943e-13]],0,0.2949488162994385
259,25706,[[          1   4.275e-12]],0,0.29584813117980957
260,25757,[[          1  1.6175e-11]],0,0.2732372283935547
261,25857,[[          1  5.5881e-14]],0,0.28531861305236816
262,25908,[[          1  1.0086e-20]],0,0.29075050354003906
263,26008,[[          1  1.9929e-11]],0,0.29178309440612793
264,26157,[[          1  2.1212e-12]],0,0.2933316230773926
265,26208,[[          1  5.4722e-11]],0,0.29673337936401367
266,26258,[[          1  1.4049e-12]],0,0.29518723487854004
267,26358,[[          1  3.0674e-11]],0,0.29720425605773926
268,26508,[[          1  5.5928e-15]],0,0.2540462017059326
269,26658,[[          1  1.4235e-12]],0,0.2703859806060791
270,26808,[[          1  1.3318e-09]],0,0.25472235679626465
271,26908,[[          1  6.9445e-12]],0,0.28681135177612305
272,26958,[[          1  4.9684e-15]],0,0.28469347953796387
273,27058,[[          1  3.4285e-12]],0,0.257673978805542
274,27156,[[          1  6.1576e-11]],0,0.2939181327819824
275,27207,[[          1  2.3974e-13]],0,0.2596886157989502
276,27257,[[          1  6.6165e-10]],0,0.26941871643066406
277,27356,[[          1  3.8796e-10]],0,0.259488582611084
278,27406,[[          1  1.5548e-10]],0,0.27907347679138184
279,27506,[[          1  5.3649e-14]],0,0.25789833068847656
280,27606,[[          1  9.5097e-13]],0,0.25502943992614746
281,27656,[[          1  2.4165e-13]],0,0.25269198417663574
282,27706,[[          1  8.6613e-08]],0,0.2944796085357666
283,27806,[[          1  2.6322e-13]],0,0.27539587020874023
284,27906,[[          1  7.0602e-15]],0,0.2654855251312256
285,27956,[[          1  3.6602e-09]],0,0.28136181831359863
286,28056,[[          1  5.3901e-13]],0,0.2716193199157715
287,28156,[[          1  3.4849e-08]],0,0.26628971099853516
288,28206,[[          1  1.0398e-08]],0,0.25997090339660645
289,28306,[[          1  3.3891e-11]],0,0.2848944664001465
290,28356,[[          1  9.7662e-15]],0,0.27032899856567383
291,28505,[[          1   7.307e-12]],0,0.2760176658630371
292,28604,[[          1  8.2536e-09]],0,0.3347890377044678
293,28655,[[          1  1.6359e-11]],0,0.26539039611816406
294,28853,[[          1  1.0149e-09]],0,0.2667994499206543
295,29004,[[    0.99998  1.8457e-05]],0,0.26261043548583984
296,29154,[[          1   4.369e-15]],0,0.3761720657348633
297,29251,[[          1  1.1678e-09]],0,0.26511645317077637
298,29336,[[          1  4.3407e-10]],0,0.23639535903930664
299,29401,[[          1  1.4983e-12]],0,0.29689764976501465
300,29504,[[          1   5.034e-14]],0,0.34019899368286133
301,29603,[[          1  3.7195e-16]],0,0.2946157455444336
302,29754,[[          1  2.0051e-14]],0,0.26836204528808594
303,29831,[[          1  3.4261e-10]],0,0.2880876064300537
304,29954,[[          1  9.8804e-08]],0,0.29317378997802734
305,30101,[[          1  1.4771e-09]],0,0.29465150833129883
306,30184,[[          1  5.8279e-09]],0,0.3201298713684082
307,30251,[[          1  7.5199e-15]],0,0.2876741886138916
308,30303,[[          1  4.9877e-13]],0,0.2804250717163086
309,30501,[[          1  2.1619e-08]],0,0.3018512725830078
310,30551,[[          1   4.611e-09]],0,0.30109381675720215
311,30651,[[          1  1.3488e-09]],0,0.28476405143737793
312,30701,[[          1  1.0669e-11]],0,0.26332712173461914
313,30801,[[          1  9.9792e-12]],0,0.271350622177124
314,30855,[[          1  2.0994e-10]],0,0.3015716075897217
315,30951,[[          1  2.3161e-08]],0,0.2902979850769043
316,31004,[[          1  4.2266e-12]],0,0.2745330333709717
317,31101,[[          1   8.458e-08]],0,0.2708601951599121
318,31201,[[          1  7.5504e-11]],0,0.26166486740112305
319,31251,[[          1  5.8276e-11]],0,0.2768678665161133
320,31351,[[          1  2.7761e-11]],0,0.2822141647338867
321,31451,[[          1  2.9735e-12]],0,0.28174591064453125
322,31531,[[          1   9.935e-16]],0,0.2752974033355713
323,31703,[[          1  2.0996e-12]],0,0.26138973236083984
324,31753,[[          1  2.2282e-09]],0,0.2747163772583008
325,31833,[[          1  4.6454e-12]],0,0.25821948051452637
326,31903,[[          1  1.0525e-07]],0,0.24715042114257812
327,32027,[[    0.89617     0.10383]],0,0.23369956016540527
328,32153,[[    0.87045     0.12955]],0,0.27267885208129883
329,32253,[[          1  1.5735e-07]],0,0.26442408561706543
330,32330,[[          1  9.8278e-11]],0,0.2550368309020996
331,32403,[[          1    1.86e-07]],0,0.2992851734161377
332,32503,[[          1  2.0729e-18]],0,0.2753901481628418
333,32634,[[          1  1.4926e-12]],0,0.2582724094390869
334,32701,[[          1  6.2286e-11]],0,0.2742793560028076
335,32851,[[          1  2.5026e-09]],0,0.25232720375061035
336,33003,[[          1  5.8077e-08]],0,0.2516767978668213
337,33129,[[          1  2.9209e-14]],0,0.26229119300842285
338,33201,[[          1  1.4897e-09]],0,0.26336145401000977
339,33253,[[          1   7.737e-11]],0,0.26470065116882324
340,33401,[[          1  4.6365e-12]],0,0.2916111946105957
341,33483,[[          1  1.8162e-10]],0,0.24395108222961426
342,33601,[[          1  5.4752e-09]],0,0.2613494396209717
343,33701,[[          1  9.8346e-16]],0,0.23614954948425293
344,33783,[[          1  8.4949e-16]],0,0.26555538177490234
345,33851,[[          1  1.3241e-10]],0,0.3384113311767578
346,33931,[[          1  1.8292e-12]],0,0.26792001724243164
347,33982,[[          1  2.0517e-12]],0,0.24135684967041016
348,34101,[[          1   1.663e-14]],0,0.2930567264556885
349,34201,[[          1  1.7873e-13]],0,0.2889268398284912
350,34332,[[          1  1.0693e-08]],0,0.26526832580566406
351,34432,[[          1  7.6684e-16]],0,0.29329657554626465
352,34501,[[          1  2.7787e-07]],0,0.3626279830932617
353,34551,[[          1  4.0511e-09]],0,0.2863039970397949
354,34631,[[          1  1.2443e-08]],0,0.2885110378265381
355,34801,[[          1  1.8966e-09]],0,0.30217528343200684
356,34881,[[          1  4.9472e-07]],0,0.3103208541870117
357,34982,[[          1  2.9569e-10]],0,0.28685855865478516
358,35082,[[          1  1.0635e-10]],0,0.28194665908813477
359,35201,[[          1  1.2938e-09]],0,0.26309895515441895
360,35301,[[          1  3.9385e-10]],0,0.2874894142150879
361,35401,[[          1  1.5776e-11]],0,0.27005743980407715
362,35481,[[          1  7.7221e-10]],0,0.2306685447692871
363,35551,[[          1  4.5578e-09]],0,0.27991199493408203
364,35601,[[          1  2.4863e-08]],0,0.26227498054504395
365,35681,[[          1  5.1795e-11]],0,0.26427769660949707
366,35751,[[          1  7.6512e-11]],0,0.25996851921081543
367,35801,[[          1  2.3576e-13]],0,0.2793707847595215
368,35901,[[          1  8.4661e-09]],0,0.25974011421203613
369,35951,[[          1  6.1346e-07]],0,0.2510185241699219
370,36051,[[          1  1.1342e-07]],0,0.260425329208374
371,36201,[[          1  5.4496e-08]],0,0.27855587005615234
372,36280,[[          1  3.9005e-08]],0,0.262829065322876
373,36331,[[          1  2.0269e-09]],0,0.2592892646789551
374,36432,[[    0.88513     0.11487]],0,0.2511179447174072
375,36551,[[    0.98807    0.011934]],0,0.26322340965270996
376,36609,[[    0.73676     0.26324]],0,0.27465295791625977
377,36701,[[    0.98681    0.013188]],0,0.2599210739135742
378,36948,[[    0.40157     0.59843]],1,0.23984861373901367
379,37056,[[    0.99255    0.007451]],0,0.3037526607513428
380,37126,[[    0.99458   0.0054192]],0,0.25298523902893066
381,37176,[[    0.99478   0.0052231]],0,0.2600727081298828
382,37277,[[    0.99988  0.00011587]],0,0.25078845024108887
383,37380,[[    0.99972  0.00027849]],0,0.24629855155944824
384,37526,[[    0.99969  0.00031393]],0,0.25039029121398926
385,37601,[[    0.99926  0.00073623]],0,0.260883092880249
386,37730,[[    0.99994  5.8154e-05]],0,0.25919151306152344
387,37801,[[    0.99755   0.0024476]],0,0.2630009651184082
388,37875,[[    0.99893   0.0010716]],0,0.28456664085388184
389,37954,[[    0.99999  1.3243e-05]],0,0.2582969665527344
390,38075,[[    0.99917  0.00083138]],0,0.2517671585083008
391,38182,[[    0.99997  2.8765e-05]],0,0.27912473678588867
392,38251,[[    0.99841   0.0015881]],0,0.28104496002197266
393,38306,[[    0.99986  0.00014076]],0,0.2526578903198242
394,38406,[[     0.9248    0.075196]],0,0.2782299518585205
395,38503,[[     0.9988   0.0012035]],0,0.27410888671875
396,38575,[[    0.99996  3.6514e-05]],0,0.2801382541656494
397,38654,[[          1  1.3107e-07]],0,0.2969698905944824
398,38756,[[          1  2.2384e-09]],0,0.3010716438293457
399,38897,[[          1  3.8954e-12]],0,0.2706470489501953
400,38951,[[          1  1.1145e-11]],0,0.3006458282470703
401,39004,[[          1  1.3267e-16]],0,0.3055872917175293
402,39098,[[          1  4.4231e-14]],0,0.2942698001861572
403,39175,[[          1  2.0296e-17]],0,0.28311610221862793
404,39227,[[          1  3.2993e-15]],0,0.3815293312072754
405,39327,[[          1  1.0171e-12]],0,0.25170063972473145
406,39524,[[          1   2.454e-13]],0,0.2569141387939453
407,39624,[[          1  2.3887e-13]],0,0.24077510833740234
408,39678,[[          1  3.0352e-13]],0,0.2419140338897705
409,39776,[[          1  3.2251e-17]],0,0.2880721092224121
410,39846,[[          1  3.9138e-15]],0,0.2550842761993408
411,39903,[[          1   3.366e-12]],0,0.27640700340270996
412,39953,[[          1   1.936e-08]],0,0.2641141414642334
413,40026,[[          1  1.5452e-09]],0,0.33401942253112793
414,40144,[[          1  8.7598e-14]],0,0.2636427879333496
415,40195,[[          1  1.5694e-08]],0,0.26696348190307617
416,40296,[[          1  1.2613e-11]],0,0.269467830657959
417,40377,[[          1  5.5836e-07]],0,0.28517675399780273
418,40478,[[          1  8.0555e-11]],0,0.25843024253845215
419,40553,[[          1  2.2684e-09]],0,0.26912426948547363
420,40651,[[          1  1.6686e-13]],0,0.2601616382598877
421,40797,[[          1  8.2413e-12]],0,0.26076555252075195
422,40876,[[          1  1.2727e-07]],0,0.2491755485534668
423,40927,[[          1  3.1849e-09]],0,0.25277233123779297
424,41051,[[          1  1.4677e-10]],0,0.26003003120422363
425,41176,[[          1  1.1414e-06]],0,0.22471332550048828
426,41303,[[          1  3.0841e-11]],0,0.290820837020874
427,41376,[[          1  1.1808e-10]],0,0.26538801193237305
428,41451,[[          1  3.2014e-13]],0,0.26967525482177734
429,41551,[[          1  2.9153e-16]],0,0.2440476417541504
430,41651,[[          1    2.13e-06]],0,0.2720484733581543
431,41773,[[          1  8.3778e-13]],0,0.24923181533813477
432,41851,[[          1  5.1444e-10]],0,0.26712846755981445
433,41951,[[          1  2.1135e-13]],0,0.26274704933166504
434,42051,[[          1  5.5594e-15]],0,0.2648284435272217
435,42151,[[          1   7.048e-12]],0,0.29980921745300293
436,42251,[[          1  1.0937e-09]],0,0.3496863842010498
437,42351,[[          1  1.7818e-09]],0,0.2749490737915039
438,42451,[[          1  4.1212e-14]],0,0.2716033458709717
439,42601,[[          1  2.2155e-13]],0,0.25942420959472656
440,42672,[[          1  7.6831e-12]],0,0.25386834144592285
441,42772,[[          1  2.1689e-13]],0,0.23202919960021973
442,42901,[[          1  1.1166e-12]],0,0.2648789882659912
443,42992,[[          1  4.4012e-11]],0,0.31903576850891113
444,43053,[[          1  3.1069e-10]],0,0.28444409370422363
445,43151,[[          1   5.958e-10]],0,0.3058483600616455
446,43251,[[          1  2.0253e-17]],0,0.29793810844421387
447,43401,[[          1  2.1446e-16]],0,0.2973146438598633
448,43501,[[          1  1.7634e-08]],0,0.2863342761993408
449,43601,[[          1  2.8775e-07]],0,0.2969045639038086
450,43751,[[          1   1.997e-08]],0,0.28986406326293945
451,43851,[[          1  9.3157e-15]],0,0.29183077812194824
452,43921,[[          1  5.0255e-08]],0,0.24713349342346191
453,43973,[[          1  6.5161e-13]],0,0.23816370964050293
454,44051,[[          1  1.1246e-09]],0,0.2927541732788086
455,44151,[[    0.99845   0.0015482]],0,0.258652925491333
456,44251,[[          1  1.2471e-07]],0,0.24154925346374512
457,44351,[[          1  2.0288e-09]],0,0.2633216381072998
458,44451,[[          1  6.8937e-10]],0,0.25797343254089355
459,44601,[[          1  1.2872e-11]],0,0.24065613746643066
460,44751,[[          1  1.9326e-11]],0,0.25783395767211914
461,44851,[[          1  1.3488e-19]],0,0.25487756729125977
462,44951,[[          1  3.2362e-12]],0,0.24546051025390625
463,45051,[[          1  2.4229e-14]],0,0.256237268447876
464,45101,[[          1   1.254e-15]],0,0.27384018898010254
465,45251,[[          1  5.0969e-13]],0,0.2736856937408447
466,45343,[[          1   5.433e-19]],0,0.2885763645172119
467,45425,[[     0.9995  0.00050061]],0,0.2312459945678711
468,45501,[[    0.91052    0.089478]],0,0.2775256633758545
469,45601,[[    0.99976  0.00023525]],0,0.27530360221862793
470,45701,[[    0.99155   0.0084489]],0,0.2644803524017334
471,45751,[[    0.99162    0.008384]],0,0.25677013397216797
472,45825,[[    0.99869    0.001311]],0,0.2551300525665283
473,46001,[[    0.99905  0.00095243]],0,0.25774502754211426
474,46051,[[    0.99998  1.9829e-05]],0,0.2414541244506836
475,46163,[[    0.23182     0.76818]],1,0.29048776626586914
476,46224,[[    0.98919    0.010806]],0,0.23972177505493164
477,46353,[[    0.99351   0.0064902]],0,0.27077794075012207
478,46419,[[     0.9998  0.00019643]],0,0.23920726776123047
479,46493,[[          1    2.92e-06]],0,0.24616694450378418
480,46601,[[    0.86786     0.13214]],0,0.26444292068481445
481,46680,[[    0.98072    0.019283]],0,0.25141263008117676
482,46769,[[    0.93699    0.063008]],0,0.7544147968292236
483,46853,[[    0.95172    0.048283]],0,0.30106568336486816
484,46919,[[    0.99946  0.00054415]],0,0.2527811527252197
485,47043,[[    0.99292   0.0070773]],0,0.2791304588317871
486,47170,[[    0.82039     0.17961]],0,0.3290746212005615
487,47262,[[    0.99984  0.00016083]],0,0.2858140468597412
488,47422,[[    0.99995  5.2074e-05]],0,0.28982996940612793
489,47568,[[    0.98685    0.013155]],0,0.3011331558227539
490,47629,[[    0.48435     0.51565]],1,0.2930288314819336
491,47701,[[    0.99968  0.00032367]],0,0.3071775436401367
492,47801,[[     0.9999  9.7327e-05]],0,0.3937406539916992
493,47870,[[          1  7.0531e-07]],0,0.2774949073791504
494,47959,[[    0.98702    0.012982]],0,0.3158426284790039
495,48020,[[    0.99743   0.0025723]],0,0.27303123474121094
496,48071,[[    0.99891    0.001085]],0,0.2645139694213867
497,48140,[[    0.65907     0.34093]],0,0.2626912593841553
498,48220,[[    0.99872   0.0012834]],0,0.25133538246154785
499,48321,[[          1  1.3076e-07]],0,0.2716999053955078
500,48378,[[          1  1.0353e-11]],0,0.2587103843688965
501,48618,[[          1  2.1698e-13]],0,0.2704811096191406
502,48751,[[          1  1.7818e-10]],0,0.26354503631591797
503,48813,[[          1  4.5247e-08]],0,0.27605509757995605
504,48890,[[          1  5.4064e-11]],0,0.26183271408081055
505,49022,[[          1  2.1285e-12]],0,0.25372934341430664
506,49092,[[          1  1.9358e-11]],0,0.3476705551147461
507,49212,[[          1  2.4468e-14]],0,0.28405189514160156
508,49343,[[          1   3.274e-07]],0,0.28203916549682617
509,49460,[[          1  1.4906e-12]],0,0.3267221450805664
510,49519,[[          1  1.3428e-13]],0,0.2532472610473633
511,49590,[[          1  1.8545e-13]],0,0.24948692321777344
512,49670,[[          1  2.9779e-12]],0,0.25169873237609863
513,49721,[[          1  3.9704e-14]],0,0.26152706146240234
514,49790,[[          1  5.2052e-12]],0,0.2849385738372803
515,49858,[[          1  1.1483e-11]],0,0.30150270462036133
516,49958,[[          1  3.0909e-12]],0,0.2818257808685303
517,50051,[[          1  6.2677e-14]],0,0.29181957244873047
518,50208,[[     0.9972   0.0027974]],0,0.32699155807495117
519,50312,[[    0.63347     0.36653]],0,0.29338598251342773
520,50458,[[    0.99999  6.4659e-06]],0,0.2901492118835449
521,50560,[[          1  2.7919e-06]],0,0.29067111015319824
522,50662,[[          1  6.4453e-12]],0,0.2887256145477295
523,50750,[[          1  7.2998e-15]],0,0.27077436447143555
524,50846,[[          1  1.7771e-16]],0,0.27343034744262695
525,50900,[[    0.99992  7.9767e-05]],0,0.2697267532348633
526,50969,[[          1  2.4522e-10]],0,0.34561872482299805
527,51058,[[          1  3.5577e-14]],0,0.3038482666015625
528,51187,[[          1  6.3995e-11]],0,0.2635505199432373
529,51261,[[          1  5.3922e-15]],0,0.28261446952819824
530,51344,[[          1  2.5686e-13]],0,0.24880146980285645
531,51422,[[          1   4.419e-15]],0,0.2545125484466553
532,51551,[[          1  3.8608e-14]],0,0.3002023696899414
533,51669,[[          1   6.206e-14]],0,0.2806274890899658
534,51757,[[          1   4.864e-12]],0,0.33489203453063965
535,51810,[[          1  4.0218e-12]],0,0.35590648651123047
536,51863,[[          1  6.9291e-11]],0,0.3250913619995117
537,51962,[[          1  2.4963e-07]],0,0.29909777641296387
538,52062,[[          1  1.1486e-07]],0,0.31296682357788086
539,52139,[[          1  9.9258e-11]],0,0.28771543502807617
540,52212,[[          1  1.6405e-10]],0,0.29828500747680664
541,52262,[[          1  1.2054e-13]],0,0.28226566314697266
542,52363,[[          1  5.0043e-11]],0,0.29320669174194336
543,52439,[[          1   3.539e-08]],0,0.2983822822570801
544,52608,[[          1  8.1501e-07]],0,0.2740135192871094
545,52707,[[          1  6.6787e-09]],0,0.3157675266265869
546,52806,[[          1  2.4509e-09]],0,0.26713085174560547
547,52907,[[          1  4.7964e-12]],0,0.28678035736083984
548,53009,[[          1  3.3836e-09]],0,0.2772698402404785
549,53101,[[          1  1.9117e-08]],0,0.27758073806762695
550,53160,[[          1   4.777e-08]],0,0.34514951705932617
551,53210,[[          1  1.3142e-08]],0,0.3328208923339844
552,53310,[[          1  5.5382e-08]],0,0.28984546661376953
553,53460,[[          1  2.1662e-07]],0,0.2897939682006836
554,53560,[[          1  2.6526e-09]],0,0.31198573112487793
555,53663,[[          1  6.1965e-12]],0,0.27982473373413086
556,53811,[[          1   1.194e-08]],0,0.2807159423828125
557,53910,[[          1  2.5506e-14]],0,0.30673837661743164
558,54011,[[          1  1.1194e-11]],0,0.2819864749908447
559,54155,[[          1  9.9625e-13]],0,0.28107643127441406
560,54208,[[          1  1.7693e-11]],0,0.3129706382751465
561,54258,[[          1  4.5543e-09]],0,0.2818412780761719
562,54310,[[          1  1.8871e-12]],0,0.2923598289489746
563,54409,[[          1  1.2336e-09]],0,0.2733123302459717
564,54558,[[     0.9987   0.0012952]],0,0.2949833869934082
565,54609,[[    0.99962  0.00038171]],0,0.28122472763061523
566,54784,[[    0.87143     0.12857]],0,0.33403635025024414
567,54856,[[          1  1.6644e-07]],0,0.28511810302734375
568,54909,[[    0.99995  4.7569e-05]],0,0.2701103687286377
569,54959,[[    0.99941  0.00058806]],0,0.33100295066833496
570,55010,[[    0.99995  4.7809e-05]],0,0.2717752456665039
571,55159,[[    0.88144     0.11856]],0,0.269212007522583
572,55258,[[     0.9316    0.068396]],0,0.28610801696777344
573,55309,[[    0.99968  0.00031881]],0,0.2908060550689697
574,55359,[[    0.99987  0.00012868]],0,0.3121981620788574
575,55458,[[    0.99994  6.3701e-05]],0,0.2967531681060791
576,55508,[[    0.99887   0.0011332]],0,0.29106950759887695
577,55708,[[    0.99503   0.0049747]],0,0.3155796527862549
578,55808,[[    0.99958  0.00041955]],0,0.29859209060668945
579,55859,[[    0.99147   0.0085297]],0,0.2879781723022461
580,56008,[[    0.87837     0.12163]],0,0.28385138511657715
581,56058,[[    0.99999  1.1658e-05]],0,0.3009002208709717
582,56159,[[    0.91927    0.080729]],0,0.3585076332092285
583,56308,[[    0.99649   0.0035106]],0,0.28522729873657227
584,56358,[[    0.99124   0.0087605]],0,0.2748422622680664
585,56408,[[    0.40563     0.59437]],1,0.26804351806640625
586,56508,[[     0.9989   0.0010982]],0,0.3135848045349121
587,56558,[[    0.99998  1.6599e-05]],0,0.2613682746887207
588,56609,[[    0.91902    0.080978]],0,0.2766430377960205
589,56686,[[    0.99609   0.0039133]],0,0.25292325019836426
590,56758,[[    0.99992  7.9559e-05]],0,0.35063767433166504
591,56857,[[    0.99976  0.00023957]],0,0.27872157096862793
592,56908,[[    0.99684   0.0031571]],0,0.253040075302124
593,56983,[[      0.999  0.00099744]],0,0.25984644889831543
594,57057,[[    0.99078   0.0092157]],0,0.26850461959838867
595,57156,[[    0.99746   0.0025403]],0,0.2767517566680908
596,57208,[[    0.99718   0.0028191]],0,0.26587867736816406
597,57282,[[    0.99717   0.0028332]],0,0.2469799518585205
598,57504,[[          1  6.1604e-11]],0,0.319091796875
599,57555,[[          1  5.5666e-10]],0,0.2753310203552246
600,57653,[[          1  1.3123e-07]],0,0.26473259925842285
601,57756,[[          1  7.7322e-10]],0,0.2605783939361572
602,57807,[[          1  2.5437e-07]],0,0.26781749725341797
603,57857,[[    0.99991  8.5642e-05]],0,0.2820568084716797
604,57907,[[    0.99946  0.00054137]],0,0.2772371768951416
605,58057,[[    0.99985  0.00015281]],0,0.2653775215148926
606,58108,[[          1  7.7747e-08]],0,0.26554012298583984
607,58181,[[    0.99998  2.0834e-05]],0,0.24218010902404785
608,58253,[[          1  3.0501e-09]],0,0.2686021327972412
609,58356,[[          1  6.8867e-08]],0,0.2757751941680908
610,58431,[[          1  1.5005e-09]],0,0.23968982696533203
611,58504,[[          1  1.0845e-07]],0,0.28817009925842285
612,58554,[[          1  8.4045e-07]],0,0.25883936882019043
613,58607,[[          1  1.2845e-06]],0,0.25455379486083984
614,58705,[[          1   2.305e-07]],0,0.256732702255249
615,58757,[[          1    3.15e-09]],0,0.26007771492004395
616,58857,[[          1  2.5235e-08]],0,0.2623891830444336
617,58933,[[          1  6.5367e-09]],0,0.2737557888031006
618,59004,[[          1  9.8282e-07]],0,0.26158595085144043
619,59056,[[          1  8.0915e-08]],0,0.289703369140625
620,59156,[[          1  1.5545e-06]],0,0.282562255859375
621,59206,[[          1  4.3962e-06]],0,0.2752516269683838
622,59306,[[          1  4.8052e-08]],0,0.2925882339477539
623,59356,[[    0.99997  2.8868e-05]],0,0.2897474765777588
624,59503,[[          1   3.458e-09]],0,0.29618167877197266
625,59606,[[          1  1.3481e-07]],0,0.27959585189819336
626,59706,[[          1  2.8391e-08]],0,0.3019986152648926
627,59806,[[          1  7.6062e-11]],0,0.2928125858306885
628,59906,[[          1  5.4173e-08]],0,0.2988119125366211
629,60054,[[    0.99998  2.4821e-05]],0,0.2764279842376709
630,60156,[[          1  3.1336e-08]],0,0.25323033332824707
631,60304,[[    0.99999  1.0267e-05]],0,0.26360583305358887
632,60354,[[          1  8.6646e-10]],0,0.27103710174560547
633,60406,[[          1  1.4463e-06]],0,0.2735264301300049
634,60504,[[          1  1.3425e-08]],0,0.2538487911224365
635,60555,[[          1  8.7606e-10]],0,0.27263307571411133
636,60656,[[          1  1.3288e-07]],0,0.2636547088623047
637,60756,[[          1  4.6869e-08]],0,0.26745176315307617
638,60806,[[          1  2.3809e-08]],0,0.2688765525817871
639,60904,[[          1  4.3187e-06]],0,0.2672240734100342
640,61003,[[          1  5.5099e-07]],0,0.27143359184265137
641,61054,[[          1  1.6886e-07]],0,0.2586328983306885
642,61253,[[    0.99999  7.4576e-06]],0,0.24528074264526367
643,61305,[[          1  3.4413e-10]],0,0.2672433853149414
644,61453,[[    0.47125     0.52875]],1,0.31456518173217773
645,61553,[[    0.85469     0.14531]],0,0.25804758071899414
646,61653,[[    0.99867   0.0013333]],0,0.27284932136535645
647,61753,[[    0.76407     0.23593]],0,0.2861928939819336
648,61932,[[    0.99989  0.00011484]],0,0.24003386497497559
649,62001,[[    0.99995   4.999e-05]],0,0.25784873962402344
650,62103,[[    0.99939  0.00060678]],0,0.26540708541870117
651,62203,[[    0.86374     0.13626]],0,0.3956136703491211
652,62303,[[    0.46028     0.53972]],1,0.29564857482910156
653,62403,[[    0.61367     0.38633]],0,0.2532932758331299
654,62503,[[    0.99179   0.0082126]],0,0.26195335388183594
655,62555,[[    0.55199     0.44801]],0,0.2566523551940918
656,62703,[[    0.99831   0.0016881]],0,0.254457950592041
657,62801,[[    0.40462     0.59537]],1,0.24255585670471191
658,62903,[[    0.74463     0.25537]],0,0.25211524963378906
659,63004,[[    0.99778   0.0022208]],0,0.3310251235961914
660,63106,[[    0.99999  7.8656e-06]],0,0.2696044445037842
661,63179,[[    0.76757     0.23243]],0,0.27106261253356934
662,63255,[[    0.19864     0.80136]],1,0.2656257152557373
663,63331,[[    0.87412     0.12588]],0,0.24616241455078125
664,63431,[[    0.99695   0.0030527]],0,0.23516321182250977
665,63530,[[      0.889       0.111]],0,0.2304365634918213
666,63604,[[    0.99025     0.00975]],0,0.2816784381866455
667,63705,[[    0.99944  0.00055518]],0,0.28154706954956055
668,63854,[[    0.71059     0.28941]],0,0.2793126106262207
669,63929,[[     0.5295      0.4705]],0,0.2912411689758301
670,64028,[[    0.70004     0.29996]],0,0.28157949447631836
671,64101,[[    0.17772     0.82228]],1,0.2894747257232666
672,64229,[[   0.098322     0.90168]],1,0.2757101058959961
673,64304,[[     0.9995  0.00049555]],0,0.29753828048706055
674,64380,[[  0.0074793     0.99252]],1,0.2624337673187256
675,64501,[[  0.0015809     0.99842]],1,0.28519606590270996
676,64629,[[    0.48323     0.51677]],1,0.2535665035247803
677,64701,[[   0.026386     0.97361]],1,0.2626762390136719
678,64808,[[    0.52503     0.47497]],0,0.293978214263916
679,64901,[[    0.32662     0.67338]],1,0.2517852783203125
680,65051,[[    0.68258     0.31742]],0,0.2507486343383789
681,65151,[[    0.98496    0.015043]],0,0.2642476558685303
682,65451,[[    0.99672    0.003282]],0,0.253542423248291
683,65578,[[    0.34828     0.65172]],1,0.24602270126342773
684,65653,[[    0.91628    0.083721]],0,0.27538609504699707
685,65753,[[   0.044478     0.95552]],1,0.2706143856048584
686,65853,[[    0.37449     0.62551]],1,0.31653380393981934
687,66004,[[    0.67151     0.32849]],0,0.2773745059967041
688,66149,[[   0.027516     0.97248]],1,0.24779462814331055
689,66208,[[    0.87032     0.12968]],0,0.28325414657592773
690,66301,[[    0.69396     0.30604]],0,0.2585272789001465
691,66451,[[    0.77153     0.22847]],0,0.2610306739807129
692,66503,[[    0.78457     0.21543]],0,0.25298142433166504
693,66578,[[     0.9996  0.00040119]],0,0.23273825645446777
694,66701,[[    0.55961     0.44039]],0,0.26334691047668457
695,66901,[[    0.92009    0.079911]],0,0.26277756690979004
696,67001,[[    0.92215    0.077854]],0,0.26468658447265625
697,67109,[[   0.058865     0.94114]],1,0.26815295219421387
698,67201,[[    0.29661     0.70339]],1,0.25836634635925293
699,67301,[[  0.0068518     0.99315]],1,0.2705109119415283
700,67451,[[    0.27539     0.72461]],1,0.2771739959716797
701,67551,[[    0.90869    0.091314]],0,0.2724759578704834
702,67851,[[    0.96262    0.037375]],0,0.27373361587524414
703,67927,[[    0.81148     0.18852]],0,0.2896542549133301
704,68002,[[    0.92551    0.074486]],0,0.3276047706604004
705,68057,[[    0.97109    0.028915]],0,0.257490873336792
706,68251,[[    0.28887     0.71113]],1,0.24968600273132324
707,68357,[[     0.1174      0.8826]],1,0.2773869037628174
708,68457,[[    0.25371     0.74629]],1,0.25525355339050293
709,68551,[[    0.20008     0.79992]],1,0.2616140842437744
710,68607,[[    0.95152     0.04848]],0,0.2766382694244385
711,68758,[[    0.58427     0.41573]],0,0.2826399803161621
712,68851,[[    0.85764     0.14236]],0,0.2575821876525879
713,69051,[[     0.5389      0.4611]],0,0.2935171127319336
714,69201,[[    0.98731     0.01269]],0,0.2799813747406006
715,69301,[[    0.82447     0.17553]],0,0.2963438034057617
716,69351,[[    0.86537     0.13463]],0,0.2813386917114258
717,69551,[[    0.99983  0.00017261]],0,0.27303004264831543
718,69601,[[    0.99901  0.00099335]],0,0.29294395446777344
719,69701,[[    0.77562     0.22438]],0,0.3191215991973877
720,70001,[[    0.94801    0.051991]],0,0.3091554641723633
721,70101,[[    0.93053    0.069474]],0,0.25923848152160645
722,70200,[[   0.081023     0.91898]],1,0.2518761157989502
723,70250,[[    0.64778     0.35222]],0,0.2523679733276367
724,70401,[[    0.34598     0.65402]],1,0.2633640766143799
725,70475,[[    0.28605     0.71395]],1,0.33122754096984863
726,70600,[[    0.28707     0.71293]],1,0.2523519992828369
727,70700,[[     0.9991  0.00090256]],0,0.3255350589752197
728,70850,[[    0.70521     0.29479]],0,0.26486682891845703
729,70900,[[    0.20335     0.79665]],1,0.2590446472167969
730,70975,[[    0.59647     0.40353]],0,0.24632835388183594
731,71055,[[    0.69686     0.30314]],0,0.255206823348999
732,71174,[[ 0.00095286     0.99905]],1,0.2489612102508545
733,71256,[[  0.0023603     0.99764]],1,0.33697938919067383
734,71351,[[   0.040024     0.95998]],1,0.2783200740814209
735,71501,[[ 0.00037443     0.99963]],1,0.26278114318847656
736,71601,[[  0.0094709     0.99053]],1,0.3015615940093994
737,71700,[[  0.0087332     0.99127]],1,0.27737879753112793
738,71803,[[    0.21364     0.78636]],1,0.2615931034088135
739,71856,[[    0.42469     0.57531]],1,0.32984137535095215
740,71956,[[    0.28473     0.71527]],1,0.26088666915893555
741,72050,[[    0.72458     0.27542]],0,0.25902605056762695
742,72155,[[    0.97616    0.023838]],0,0.2575716972351074
743,72250,[[    0.30161     0.69839]],1,0.27797961235046387
744,72304,[[ 3.8853e-05     0.99996]],1,0.27113795280456543
745,72354,[[ 0.00037423     0.99963]],1,0.29633259773254395
746,72405,[[  0.0018673     0.99813]],1,0.24940276145935059
747,72600,[[ 0.00072263     0.99928]],1,0.25817155838012695
748,72674,[[ 0.00012068     0.99988]],1,0.24410200119018555
749,72750,[[ 0.00022517     0.99977]],1,0.2758181095123291
750,72805,[[ 7.5036e-05     0.99993]],1,0.23562026023864746
751,72901,[[  0.0023572     0.99764]],1,0.276775598526001
752,73051,[[  0.0032986      0.9967]],1,0.2467660903930664
753,73155,[[   0.005241     0.99476]],1,0.3078453540802002
754,73253,[[   0.039218     0.96078]],1,0.2560086250305176
755,73354,[[   0.021187     0.97881]],1,0.2627604007720947
756,73453,[[ 0.00073799     0.99926]],1,0.2657315731048584
757,73548,[[   0.010674     0.98933]],1,0.2590627670288086
758,73651,[[    0.04661     0.95339]],1,0.2602818012237549
759,73703,[[  0.0070092     0.99299]],1,0.34778594970703125
760,73853,[[  0.0036032      0.9964]],1,0.2854294776916504
761,74001,[[    0.34879     0.65121]],1,0.3140106201171875
762,74105,[[   0.011382     0.98862]],1,0.28673386573791504
763,74201,[[   0.097547     0.90245]],1,0.29366374015808105
764,74301,[[ 1.3752e-07           1]],1,0.29175353050231934
765,74397,[[ 7.1591e-11           1]],1,0.2705833911895752
766,74503,[[ 6.4515e-10           1]],1,0.2888820171356201
